,cancion_id,usuario_id,valoracion,valoracion_emocion,count
0,3Q6zROQvMXRtR9NYfDpNWL,1199620305,2,4,1
1,3TnhQSRwT3AVMdXw5JPq0x,1199620305,3,3,1
2,2nmkKucRDKr5jIBEvg6X0z,1199620305,3,2,1
3,0kdPNnBncOu4n6yz1YrGBE,1199620305,4,4,5
4,640Ofl9VJp7Xv26xhAKnHq,1199620305,5,3,5
5,4unOsvr9C2NqI9aJXrxpCy,1199620305,4,4,7
6,1aDeaDooAd79p2sdImGG4a,1199620305,5,5,2
7,6DWAOntbxkpsgKs9iJDEhW,1199620305,5,5,1
8,7f5l4erzXVa2imFeaxtEBe,11125830071,4,5,1
9,45Ia1U4KtIjAPPU7Wv1Sea,11125830071,4,5,1
10,19503qDaxgCdPL2BhJngij,11125830071,3,5,1
11,1t8TCORVxdItzE3zy1X0tv,11125830071,4,5,1
12,6XCo0c6gNbKr0a7L5aI3bq,11125830071,4,5,1
13,5BncQXZqKNmcoy6TRN0IYi,11125830071,4,5,1
14,2fyIS6GXMgUcSv4oejx63f,11125830071,5,5,2
15,2SMn57cBVxoD4TArscpovk,11125830071,4,3,1
16,4I3kIRbgHpYRdyle3LsIFX,1199620305,3,3,1
17,4kJP8Z888wREJ8bRMWNMuk,11125830071,4,4,1
18,2zzLRQ78kKfPTx8FJQCdC2,11125830071,5,5,1
19,7tpeenQfIPlwEQ3t5Y357Z,11125830071,4,4,1
20,6sChW7Z0IwSvvBR6m4dMws,11125830071,2,5,1
21,7JgYCXSih0sY1EnNImzwdH,11125830071,4,1,1
22,4GDeUodkTYNGThdN7KRH7U,11125830071,4,4,1
23,3aqXL0g0eeZrS4Qlf7dV8O,mariopirey,4,1,1
24,4Hmc81ZS9s2WlTvOsuoiTQ,mariopirey,4,1,1
25,0aPrTlWUf2nmDkC9gcP5kZ,mariopirey,4,1,1
26,39shmbIHICJ2Wxnk1fPSdz,mariopirey,4,4,1
27,2hvhmICV9V8pM5AlLZoFZ3,mariopirey,3,1,1
28,71jGGLe5VtEHjIk5dU2W3S,mariopirey,4,4,1
29,1c4OpZ2G1MEcEKSknUZjdD,mariopirey,5,4,1
30,6F609ICg9Spjrw1epsAnpa,mariopirey,3,3,1
31,0t4JQeO8qLKzQFcXuTitgk,mariopirey,4,4,1
32,7DwPF4GDUcSgzaenzg6WWS,mariopirey,5,4,1
33,27VsgViH6pmBwZzotuvhDz,mariopirey,4,4,1
34,5X9DtVEeUWpfPgSwhbyxXk,mariopirey,3,5,1
35,6ng56WHh2PKJ7RM5UPfUmk,mariopirey,3,5,1
36,5LM24TRaAJsh4GbFxr9FVX,mariopirey,4,5,1
37,0d2MdbpCO8QhEPeA3qnKqB,mariopirey,5,3,1
38,14AhRp3nu1vOQ6LNEL5P4F,11125830071,3,2,1
39,4c9WmjVlQMr0s1IjbYO52Z,11125830071,4,5,1
40,2XQSgmtEY2titXhfY414dy,mariopirey,4,1,1
41,32DGGj6KlNuBr6WaqRxpxi,11125830071,3,4,1
42,4kxYIvDIpWTrZgHn3sYxxC,11125830071,4,5,1
43,5wvYib82q05wiNjLElD8GJ,11125830071,4,3,1
44,7xl2ZaOnKAxJyrkIQe2S43,11125830071,4,5,1
45,2iORE6WZ4KTYEQPProJYyI,manu10fr,5,2,1
46,5Ki3oBuNzrm3lm5rBDWdw8,manu10fr,4,1,1
47,4ZBYSNcjjn3ZF1qZnZeddt,manu10fr,4,1,1
48,5uK7sOLgAnysmdwPs4NZhO,manu10fr,4,5,1
49,28EL5veTZtx38TqxIZwFyQ,manu10fr,4,3,1
50,0xiuSFBOEHWaJ6rSuUbJWc,manu10fr,5,1,1
51,6cdliuPlDPvwfUC7LRFQMH,manu10fr,5,1,2
52,1WSBDiYv4uHfM5E1RxnAkn,manu10fr,4,1,1
53,7rwX0O3RlxqqIjQM8evm5E,1199620305,4,1,1
54,0FoBLDicgJ05xqJX6Zn4JB,manu10fr,4,3,1
55,1j3jRzlVNQdtFynUsKjQNh,manu10fr,3,5,1
56,7MRf7Gedblua9grX8eIEeS,manu10fr,5,5,1
57,4GdB5M7GbwLZLouktYocFC,manu10fr,4,5,1
58,0AdDCbnitqRwcBqsGjnVsX,manu10fr,5,5,1
59,5P4LoVnC2DpDQrDCLOeVuM,manu10fr,4,4,1
60,1XcNJF84RCda4AZsXWanJo,manu10fr,3,3,1
61,597yeD6K7gita1iaCbmbVf,manu10fr,5,1,1
62,5lUa8aIIixkjGfNplmTSJJ,luispisito,3,4,1
63,6l9jE3IjRJDicXvmSXYA1H,dleon692,5,3,1
64,4Wyrppmuf8Gwi9v8dQwGxy,dleon692,3,2,1
65,1uhm69R3gv2cLh6ATDUWac,dleon692,4,3,1
66,5uh89DajJZ4IvpZ44Ap468,dleon692,5,2,1
67,3XCqINkynQfUcB75MrihyK,dleon692,4,4,1
68,60HG3jOvvG7XITdy6F06el,dleon692,3,3,1
69,1BA4OdphRNKQSeHrMHLAWg,mariopirey,5,1,1
70,4kKmlgdF8a9ylAqidIHbjE,manu10fr,5,5,1
71,6M1sRwraMMNUVCLUvo4e1B,mariopirey,4,5,1
72,4ee1fUrPVok1bEyj1cm4Rv,dleon692,5,4,1
73,17A9cQdKaDYHaO0gAXswif,dleon692,4,4,1
74,6iBefM6ZYmwUTcLq56iS6U,11125830071,3,4,1
75,1EeckpSZnrfkXI1FJZRfs6,11125830071,1,3,1
76,45DGc6MeMAKsFMcCeoTAAJ,11125830071,4,1,1
77,4sj8qFcEDnRPNv3tBbUVUf,manu10fr,5,4,1
78,6rxEjkoar48SssZePbtb2x,11125830071,4,2,1
79,2jTidefcsTu6VQhpIImJrt,11125830071,4,4,1
80,0cs671lxX2eoDzr2KMuo3N,11125830071,5,5,1
81,09emSRcmA8WrhGx5MH1xon,luispisito,4,1,1
82,3Q5Pc6K4UXJ0ke6YnklC1e,luispisito,5,5,1
83,5SGNNAQg2hEfOZItKVFklK,mariopirey,4,1,1
84,6j0TC2zgGuyntQdaUB0A60,luispisito,4,4,1
85,4oktLWeqqJhiMTFfA7X2et,11125830071,4,5,1
86,5NXiKks7M2nwDvZn0KdKsh,luispisito,4,3,1
87,7Dd5p5mFpkZlEllO4Y7pCI,luispisito,5,5,1
88,56ihRuvlfyY8gQFVlozKvq,luispisito,1,4,1
89,1L6xlZoI8vSKCXfhIbkfO8,luispisito,1,3,1
90,4PjHKpkGt1WcszQ2KdOF9z,dleon692,4,3,1
91,0dGr3jtq3K0wPiXlsUPQNY,luispisito,1,2,1
92,26cP3Im51NUspyLjT6mSsK,luispisito,1,2,1
93,7dFfmzemTcuswyoIv409MW,luispisito,4,4,1
94,60a0Rd6pjrkxjPbaKzXjfq,luispisito,5,5,1
95,7w87IxuO7BDcJ3YUqCyMTT,luispisito,4,4,1
96,30nMLzkQRmj7iHtW3t8KfK,luispisito,4,4,1
97,0mLS3gBv6Wzv0q6zLcmLD8,luispisito,4,5,1
98,0hCB0YR03f6AmQaHbwWDe8,luispisito,5,4,1
99,3crVlsyXyP4a9HD5WHE8Ri,luispisito,5,5,1
100,0FNP4X9OmYgFk2MRYVIFGB,luispisito,4,5,1
101,5OMNGoQiHKV1cqBtuzucoP,mariopirey,4,5,2
102,3vZM2544ETmOCCHuBPZRzm,luispisito,4,4,1
103,7rjm3fpkQvCTnFzvzQ65tG,luispisito,1,2,1
104,3Kypa6gMC5NHRWZv2elgBb,11160226728,5,3,1
105,2VHLwsV9wNOQxquIzEE9XY,11160226728,4,5,1
106,3cTKu73ByD0MD45vl8EU1z,11160226728,3,3,1
107,0NL4r1EM8fsgRfT6i6hdub,11160226728,5,4,1
108,1ozbWlTQASs311dSO5R6vp,11160226728,5,5,2
109,6mZLg14FVI4REkd1G4eS8f,11160226728,5,5,1
110,3Ye0P7D5bGfuDmTCKJuWxy,11125830071,2,3,1
111,0ikz6tENMONtK6qGkOrU3c,11160226728,5,5,1
112,0eeEzvw5Etwv6tyz2PyE6L,luispisito,5,5,1
113,45yEy5WJywhJ3sDI28ajTm,11160226728,5,5,1
114,6kX8Buh8uXbGlv8viyE8WS,11160226728,1,4,1
115,1dgYVkVff0YeMm4cx2MvdI,11160226728,5,4,1
116,0MKGH8UMfCnq5w7nG06oM5,luispisito,5,4,1
117,66hLWtkrv53rFKZseItS8W,mariopirey,4,4,1
118,7K5dzhGda2vRTaAWYI3hrb,11160226728,4,5,1
119,65YDMuJmyF8cxTrk4Xogy0,11160226728,2,4,1
120,0oFqlgK2LJ9eMlpGBCmRvf,11160226728,4,5,1
121,3KEGMp2mXdoavzQSf9zWwX,11160226728,4,5,1
122,4sEzmNCbHUCmDxSNXp1FHK,11160226728,4,4,2
123,1bKLec07c65Zt7RV5Xt5yo,11160226728,4,1,1
124,3Q6zROQvMXRtR9NYfDpNWL,11160226728,5,2,1
125,2zzUpxEBD9O6OuhY4pqJuE,luispisito,5,5,2
126,3hlYxsbq75SWlRfN7XR7Ax,11160226728,3,3,2
127,78OvOmHB4HlYLHyyLNIhVW,11160226728,3,4,1
128,6UbpZgi8acQN3ahAeKsvzm,mariopirey,5,5,1
129,3Ga6eKrUFf12ouh9Yw3v2D,11125830071,4,1,1
130,3UIENhLRdFIOuRan92cAQu,11125830071,5,3,4
131,5YJIdKE76GacbcTxuoOf93,11125830071,5,5,1
132,4h5wvgO31W1WXnB4ftc9FO,11125830071,5,4,1
133,0lFMpSl7fU4FU1ZfVWY7He,11125830071,4,4,1
134,1FEf4OC1mAPH7CtKilZf8M,11125830071,4,1,1
135,06eq1Klk5R5JHrC2cdbMkG,11125830071,4,3,1
136,2LsbizbOeNa4x6qsi2jAMb,11160226728,5,5,1
137,541hgOF71B92Jpg4IU6kyx,11125830071,4,1,2
138,0PSN9gw4qdAqqDTaR3COV5,11125830071,4,3,1
139,3L6RhaS4ISh8GSagrFMFZn,luispisito,4,5,1
140,0vnzk4L0JyMODSqLp3pHwo,11125830071,3,2,2
141,4t6rW1mKIKKTyU0RNBnS41,11125830071,3,3,1
142,1bCmvezFg5MRcENzCGG1Cy,11125830071,4,5,1
143,51XZD1FCrWyU3dDWJH4nzb,11125830071,2,3,1
144,4ZX7QjwBqZTelll7to0d5S,mariopirey,4,1,1
145,6sKKGGCuMDKiP9HProsMah,11125830071,3,4,1
146,65lggIoHIMCuxS5E9yPSwc,dleon692,4,3,1
147,78JmElAFmrPNhLjovDR9Jm,11125830071,3,5,2
148,2mHchPRtQWet3iIS3jANr1,11125830071,3,5,1
149,0N5x5UmYcbBeHFJtCCqf62,11125830071,4,5,1
150,2nFGE49lk8EJhsp4j9OZU6,11125830071,3,4,1
151,4iG2gAwKXsOcijVaVXzRPW,11125830071,4,3,1
152,2qHb9aow8GQ3wmyFvAcoAy,11160226728,5,5,1
153,1LfWibYjk0TD8YNPtzym9A,11125830071,3,4,1
154,020Gj87SqDRvzGHELzcCEc,11125830071,5,5,2
155,3twNvmDtFQtAd5gMKedhLD,11125830071,4,4,1
156,6yr8GiTHWvFfi4o6Q5ebdT,11125830071,3,5,1
157,4xS1OMtagZ4lUkouHHSAlq,11125830071,4,4,1
158,7ttZ4CR6InBzp7Yf5iASRu,mariopirey,5,5,2
159,0WWSqjiV8czuWNQ05C5aXl,11160226728,4,4,1
160,7LIQNY8P7ZGxilKVX88MF1,11125830071,4,3,1
161,7xRemq7GLu0Tbqe9OckG87,11125830071,2,3,1
162,0ZG7CssB5lM2ILgJhMGNVE,11125830071,5,3,2
163,5K9yjxT0XGQbmD5GzjmqYz,dleon692,4,3,1
164,3RiPr603aXAoi4GHyXx0uy,11125830071,3,3,1
165,1enNwHM2KiRxCfKRK2VGqi,11125830071,3,3,1
166,1aKNbn5AsDWydycvr1gYBa,11125830071,4,3,1
167,0Q40MMjMXHPxLGfylep5a5,11125830071,3,2,1
168,0NdTUS4UiNYCNn5FgVqKQY,11125830071,4,5,1
169,3M0YwlWNPX8cfWQjYsXTpu,11125830071,5,5,2
170,53L6A3I9vf7rgEZnMzx54E,11125830071,4,4,1
171,58JZ4RVYonCaKz7FVOqZPL,11160226728,5,4,1
172,0GKlIuZcQCiv8bvWgRNiAb,luispisito,4,5,1
173,1fxZQ0PPz6IOQEYfXojAfK,mariopirey,4,5,1
174,6WrnSlcN0dzTO80mVVbBto,11125830071,4,5,1
175,2UjEyfnKzaY7qpBEeESJjv,11125830071,4,4,1
176,0R8P9KfGJCDULmlEoBagcO,11125830071,4,3,1
177,2OcieDHRpksQQpIuQCOwPs,11125830071,4,3,2
178,2hdhm6piUJnmKXmEmskXCg,11125830071,4,4,1
179,0FGg94Iwly0WfBHiKT6iw5,11125830071,3,3,2
180,0bXhjlgUddDlJzHOeVM4Tq,11125830071,5,5,2
181,63Xn9wQm4iiGFw06JkjuUj,11160226728,5,4,1
182,7GASUNtLpNwSmvLNkRSRiU,11125830071,5,2,2
183,6mxEhHQUJfafR2brhU7Rak,11125830071,4,4,1
184,6m2L3KjTbspuGw4r51HUSf,11125830071,4,3,1
185,5MJLSNS6551q9E65r96BU7,luispisito,1,4,1
186,2uqjYw72L6wO7EHIjSM7xD,luispisito,5,5,1
187,5ClKabzSX0QXnURNomxohE,11125830071,4,5,1
188,1d9LhayPyXx9lkCpJhKT9P,dleon692,4,3,1
189,3SVAN3BRByDmHOhKyIDxfC,11125830071,4,4,1
190,6zWpqo98M9Ai6TK3qmm55o,11125830071,4,1,1
191,0UtnpKaReKUg2GquaSxCyD,11125830071,3,2,1
192,5SV2Eqg43uPMX9x9g1XoAL,luispisito,5,5,1
193,6M1sRwraMMNUVCLUvo4e1B,11125830071,2,3,1
194,0HvrW09sl0aoAEmlIcZ9s6,luispisito,5,4,1
195,1ZAWaJppxtA3zPh1R2W2wS,11125830071,4,3,2
196,1eujVQsT9v7ZTtvAkTEdZr,11125830071,3,3,1
197,5nvjZnTa1PUFV8hfrcMKYc,ines.suso,4,4,1
198,5Ohxk2dO5COHF1krpoPigN,ines.suso,5,3,3
199,5cyEklDVzrnAh92WBj0lhn,11125830071,3,3,1
200,3n3d1LyTnR5IaT5q6AxL9U,11125830071,4,3,2
201,06Qha323s06okpZ4LmMX7P,11125830071,5,5,1
202,7mexukWpLrCVwAztkM8kQl,11125830071,5,5,3
203,5yUR6jfhuKJNwUtYo52t2q,luispisito,4,5,1
204,1244xKUG27TnmQhUJlo3gU,luispisito,5,5,1
205,3dUOAB9dYZv0n3sYwod2Tf,mariopirey,5,1,1
206,20BmEh6SHpThJEGL1L7uJU,dleon692,5,3,1
207,5olYKlNYCELRBQzxQ6Tr1V,11125830071,4,3,1
208,5mOPeaSXywGZX3mDflbDsq,11125830071,5,2,1
209,1tQbOgukPYqxDDD47cfUgT,dleon692,4,1,1
210,26ucR33snMkRD6JExhoD6I,dleon692,5,4,2
211,0SUDiaR0qm30fXVGPjPvRp,mariopirey,2,1,1
212,6FrItVl9YZNtY431CmwTkh,11125830071,3,4,1
213,3eqNIXlRi2KP8tDG5l8mUE,dleon692,4,2,1
214,3ZvaD3etHONT0kgqznzrtb,11160226728,3,5,1
215,7KSk3pvHBfsBnZ0p4tuXfE,dleon692,2,3,1
216,4qsrxXxk4GCGih80VGmaAl,dleon692,2,1,1
217,6jOt5PjGtHukK8Yp8I1Pyx,nerea.couceiro,5,5,1
218,1yxgsra98r3qAtxqiGZPiX,nerea.couceiro,3,4,1
219,3FVGNCVHynlBTqizeinqQS,11160226728,5,3,1
220,216S5ED9SNRWaHWVjSJGyX,11125830071,4,4,1
221,6IfZH3WQjwzzzuaWusWCoX,mariopirey,3,5,1
222,6Z01gUquJsjJC67uNWm6P0,nerea.couceiro,1,4,1
223,04QTBqa3IA4ZAKEuqRPzEH,nerea.couceiro,3,3,2
224,0t6IEH0yGXKMaU86asSmzg,nerea.couceiro,4,4,3
225,4HRa9ZWcmZ8JD7UySPu0wT,11125830071,3,4,1
226,1di1BEgJYzPvXUuinsYJGP,11160226728,4,2,1
227,4o0NjemqhmsYLIMwlcosvW,nerea.couceiro,3,1,3
228,2pJ0X2gjkAlu7E5cp16yDQ,nerea.couceiro,4,4,5
229,3bGidOZsEEuLHC9noPK3AW,11125830071,3,4,2
230,7wTRFTaQWhQ3AoHUWKvGAp,nerea.couceiro,4,2,1
231,59aBJF7Nh9dkYbXY7xHZFk,alfns8,4,2,1
232,6fgbQt13JlpN59PytgTMsA,11125830071,5,5,1
233,3sdbjDa8Rvmfn8k7pz7znc,luispisito,4,4,1
234,1k1Bqnv2R0uJXQN4u6LKYt,luispisito,5,3,1
235,5ClKabzSX0QXnURNomxohE,alfns8,5,5,1
236,72a9JWKqJ8SGo0OdyCS12P,11125830071,4,2,1
237,6lSJZiZqWU8Qt1fJVeFZEv,alfns8,3,4,1
238,76W0bSakcfBQcDTFjUPSpr,alfns8,3,4,1
239,6iN3mPw0LZ96znkAouahFJ,alfns8,3,4,1
240,594ONMYoHlJnqHPEx98t08,luispisito,5,5,1
241,3sdbjDa8Rvmfn8k7pz7znc,1199620305,3,2,1
242,1ntYB2EfQXvCo4u8FJInzl,alfns8,3,4,1
243,56NkIxSZZiMpFP5ZNSxtnT,alfns8,4,1,1
244,57Xjny5yNzAcsxnusKmAfA,11125830071,5,4,1
245,0ntQJM78wzOLVeCUAW7Y45,alfns8,3,1,1
246,2tB6dHORUam5DD7SoFvb9V,manu10fr,5,5,1
247,126TblwXGNTUZ7RPMnThkU,alfns8,3,5,1
248,1FTSo4v6BOZH9QxKc3MbVM,alfns8,4,5,1
249,6O5wQpAclHfIf5SYcxWE54,alfns8,3,4,1
250,20I8RduZC2PWMWTDCZuuAN,alfns8,4,5,1
251,1UHdRkhzIpUDZJJMPDTo3f,ines.suso,5,4,1
252,7xl2ZaOnKAxJyrkIQe2S43,alfns8,4,5,1
253,5YXr4AGfUQpLSxtFSsKUh6,alfns8,4,4,1
254,4dASQiO1Eoo3RJvt74FtXB,alfns8,3,2,1
255,4CJVkjo5WpmUAKp3R44LNb,luispisito,5,5,1
256,0u2W89AQvH3sDVg7UX6YOT,alfns8,3,1,1
257,6gP9gjBR6KQ4T2pw9CLtkj,alfns8,4,3,1
258,4iFbpj8YwYkgJdbI5hFFlt,11125830071,1,3,1
259,5c5a2Ptu8eyIpljhQHjIqk,alfns8,4,5,1
260,7x8dCjCr0x6x2lXKujYD34,alfns8,5,5,1
261,3dOAXUx7I1qnzWzxdnsyB8,alfns8,4,4,1
262,5zyfzNnBzN7f7PVkJFnW2g,mariopirey,2,5,1
263,1WYEDcS7WGjv0rG7rmMX3o,11125830071,5,4,1
264,0eVborSuxUeSg0meWYd9dZ,11125830071,4,3,1
265,5Lf9rCqReE9Ri4tZvLRLuy,11160226728,5,5,1
266,3xKsf9qdS1CyvXSMEid6g8,nerea.couceiro,4,3,2
267,2R8705oC8pTL8JwvpidmMT,11125830071,5,4,2
268,428cFrawSqeLoyooQjAW9d,11125830071,5,4,1
269,0iPhmGDwtdEUSJUXSg2heS,11125830071,3,5,1
270,5hcisvFMidkMJlElTO9Qmw,11125830071,3,4,1
271,1ozbWlTQASs311dSO5R6vp,11125830071,4,2,2
272,2tjqgiScVM3VoZBYGPC2Dm,11125830071,4,3,2
273,2ThdB23G9Rgf1ExndFGEEg,11125830071,5,3,2
274,5uLPQcDkM3DOte545R8JK5,luispisito,3,4,1
275,2x8evxqUlF0eRabbW2JBJd,11125830071,5,5,4
276,3qIzKR4VRDJvcJo7jw12Ox,luispisito,2,4,1
277,5MxNLUsfh7uzROypsoO5qe,luispisito,5,5,1
278,41EVWhp5QaLdZDvLqBggLO,mariopirey,4,5,1
279,2W70vgf87uyNB2XRpRDEES,11125830071,2,4,2
280,1qRA5BS78u3gME0loMl9AA,luispisito,5,1,2
281,6WhzFzROw3aq3rPWjgYlxr,11125830071,3,1,2
282,0O8XCrGlVsaKnErfcTSSFU,11125830071,5,5,2
283,4bavcis6bApsKI8YkKg3Cx,ines.suso,4,3,1
284,5UWwZ5lm5PKu6eKsHAGxOk,11125830071,4,5,2
285,4FpawvuBz4HxTz7UqR4ter,manu10fr,4,4,1
286,0N5x5UmYcbBeHFJtCCqf62,luispisito,4,4,1
287,7yvVN0WIduWMnVpnIgZehl,11125830071,4,5,2
288,1EsiDLSQG6yPf4CJ5mxRoN,11125830071,5,4,2
289,4BBcOpOx4K5udUBjWKL0HG,11125830071,5,4,2
290,5pFfOtXtINzNk47MszPEzk,nerea.couceiro,3,3,1
291,5jdvRj8zXHJ7XpKsBKT9CZ,11125830071,5,5,2
292,7nnWIPM5hwE3DaUBkvOIpy,11125830071,4,4,2
293,7kzKAuUzOITUauHAhoMoxA,alfns8,5,5,1
294,7x8dCjCr0x6x2lXKujYD34,11125830071,5,5,3
295,74cq9BqHViA81JKGJfmTwV,manu10fr,4,1,2
296,03Ntkzzjkz7nFJldcPbL90,11125830071,5,3,2
297,3Ye0P7D5bGfuDmTCKJuWxy,mariopirey,4,2,1
298,5c5a2Ptu8eyIpljhQHjIqk,11125830071,4,4,2
299,3Jp9ys8LTCzv9jPe0t8fHB,mariopirey,4,5,1
300,7rbCL7W893Zonbfnevku5s,11125830071,4,4,2
301,7hFuMSp2Ui8we4OFL9OjjQ,11125830071,2,4,2
302,305WCRhhS10XUcH6AEwZk6,alfns8,5,5,1
303,0vhSjNUzGyB6JPjZpGOMxR,11125830071,2,4,1
304,5g1gAVk9YsWjJHBya5zM77,11125830071,1,4,1
305,1MrZ8hGkUWMmT816wPaMgE,11125830071,4,4,1
306,40A11dg6RXzfDrwMrw5sED,11125830071,5,4,1
307,3gNGi2iUGHXGpBQHce6Nua,11125830071,4,4,2
308,4W9jNeSYxoe10Dtqb8w0xr,11125830071,3,2,1
309,2Y4AtGY7hakhkyOZ53CaSZ,11125830071,4,5,1
310,2o49Twc3qrNMOt8gq9W06L,11125830071,2,2,1
311,3uJ51H6KQNKtwcVm0owsG3,11125830071,5,2,1
312,2Gt5oL4aEufZvJy9KjEkxi,11125830071,2,1,1
313,3mogmakkKiKWOB0tVj1X9i,luispisito,4,3,1
314,55pU8utrZ0WxtvWKW1FjXY,11125830071,4,4,3
315,3CZhaPoLM2N57YZvSA4Dl1,dleon692,5,4,1
316,7wxSkft3f6OG3Y3Vysd470,luispisito,1,2,1
317,1rDxSDjpyc0qBsWzWW7OnA,1199620305,4,2,1
318,5XSBCQE1bKcKho22DmyBVb,luispisito,3,2,1
319,3MH3oRNyFb5mNm663xcK7T,11125830071,5,5,2
320,5Y9CaAaZZkLh8ocQyoeUxj,luispisito,3,3,1
321,726Bm6HoMMOwrJlxqbfO45,11125830071,5,5,1
322,2tpYmda4mM7XFvpbhOfERH,luispisito,2,2,1
323,7LNI08YZRk67lg7KaPABfg,luispisito,4,2,1
324,0VnAETWOc4BCr4YbzfI7zH,11125830071,4,4,2
325,6wLuMJ0xZhmPHVjmvvvQ1L,11125830071,5,3,2
326,3ytbF5PtloeQS14GO1SRK7,11125830071,4,3,3
327,5YXr4AGfUQpLSxtFSsKUh6,luispisito,5,5,2
328,48td6xvpokdYwvbl3JIiXP,luispisito,3,3,1
329,1lCuf3uU0ZdAiqxVuZUv67,11125830071,4,5,1
330,376KnY4TrgBITxjlnbnmIy,luispisito,2,2,1
331,1ySdjlU5Vc24w81xam2MHR,alfns8,4,1,1
332,54eZmuggBFJbV7k248bTTt,luispisito,1,3,1
333,06wOQGz4bGB7HETrIjpIep,11125830071,4,5,1
334,2Bp5GjyYqjP0EH6nZTZ7JV,11125830071,5,2,1
335,5T8EDUDqKcs6OSOwEsfqG7,luispisito,5,5,1
336,3m6KkYKdnbffMpGd9Pm9FP,luispisito,3,4,1
337,0bdL8X3MrX51dRz231BFtv,11160226728,4,5,1
338,6u0EAxf1OJTLS7CvInuNd7,11160226728,5,2,1
339,40pPI2TbaYSZlKfV44HRjn,luispisito,4,3,1
340,5LOaKdW9D2Gl9neAN94NbR,luispisito,5,5,4
341,305WCRhhS10XUcH6AEwZk6,11125830071,4,5,6
342,51T1wGHtx6hXW89UCzw1Rc,luispisito,4,5,1
343,1UEV4Wyq9eXm7TMXTXAEsi,luispisito,4,5,1
344,6tqzOYuE3lrNVPDgtF3MjM,11125830071,5,5,1
345,7pwULzYydZdjJX3SiqQ5bR,11125830071,5,5,2
346,7GIs2L0aUYImiZmBxH812H,manu10fr,4,1,1
347,2IFqUmfW8oQoKn6ToxKsMs,luispisito,5,5,2
348,73hoPRZN2hwgYbbpJmNQOq,11125830071,4,5,2
349,1UHdRkhzIpUDZJJMPDTo3f,11125830071,4,4,2
350,5HSpMRUC4m3L3q48to2Kmu,1199620305,4,4,1
351,3U5MKWXrn7pcTyNgCqn3F9,11125830071,3,2,1
352,3ljxbvpK92QKkNVZJwSdOh,11125830071,5,4,2
353,6NIQ1gs2VTJ41oTuUPOXPp,11125830071,5,4,1
354,4yVv19QPf9WmaAmYWOrdfr,luispisito,2,3,1
355,4dASQiO1Eoo3RJvt74FtXB,11125830071,2,2,1
356,20vZII9Yu52czI9Fk4p39r,alfns8,4,4,1
357,4J0BFLNefGM65upHH2gyVQ,alfns8,3,5,1
358,2tw6LdxBQmOqzEwbyAN21G,11125830071,3,1,1
359,2P04asHQ7eRRg32dF8H6tG,nerea.couceiro,5,3,3
360,5nNmj1cLH3r4aA4XDJ2bgY,11125830071,4,5,1
361,4Tvo4eLxTwOhnqBTibY6Wb,mariopirey,3,3,1
362,0hAMkY2kwdXPPDfQ1e3BmJ,11125830071,5,5,3
363,0CAAng1VE8hnTIz69Niy6c,mariopirey,5,5,1
364,4BVFVaa1fDo20Ud1q5Gd2N,mariopirey,4,4,2
365,4rCKRVJZKVysScn2piDuOT,mariopirey,4,4,1
366,0YQXMFYxfHNagYPgQvurKH,11125830071,4,5,1
367,1d0c62VFYauOOgxZ2eFUxx,luispisito,3,4,1
368,0r96J0xa7B54JKq2nMWlCx,mariopirey,2,1,1
369,1d4DvB7BxqITJ97ZzyutgG,mariopirey,4,4,2
370,73fzhVcs7n1wZz84eoE2vs,alfns8,5,4,1
371,2Gt5oL4aEufZvJy9KjEkxi,1199620305,5,3,7
372,4xy5WLZgfwxRkIoD0qOOHb,mariopirey,5,2,1
373,3FtYbEfBqAlGO46NUDQSAt,11125830071,4,3,2
374,42VgiRyg0YjtRVLiPFNxPJ,11125830071,4,5,1
375,3K6mMLar17rUy9nebrVIEO,11125830071,5,1,2
376,5R9a4t5t5O0IsznsrKPVro,11160226728,4,4,1
377,1HAzsv7VCvbgqrpenTRWj1,mariopirey,5,5,2
378,6Knv6wdA0luoMUuuoYi2i1,11125830071,1,4,1
379,79RUMZfMNMpqZnswovvTqv,11125830071,5,5,4
380,7rwNjuGc6Xv4qv5RhPyKLZ,11125830071,4,4,1
381,0LaSBuqRj2nhvOej7QgbEN,mariopirey,2,3,1
382,26XwAqJ45EebhMi5toEAUI,mariopirey,5,4,1
383,7gHkDNieGzYmyuC7E1Xbxw,11125830071,4,5,1
384,4z2EeFUp5Lhai9qhHtA6IF,11125830071,4,2,1
385,0u8aj0c4IxeVSLTUuuq9V5,11125830071,4,3,1
386,7eqoqGkKwgOaWNNHx90uEZ,mariopirey,4,2,1
387,3d9DChrdc6BOeFsbrZ3Is0,luispisito,5,4,2
388,1EeckpSZnrfkXI1FJZRfs6,mariopirey,5,5,2
389,61fbfe2jbHfvEsw9i7sy7N,alfns8,5,5,1
390,69x16JmnJxuLVP9ELBoY03,mariopirey,2,2,1
391,3IATwh7G7c3eempoui1eSy,mariopirey,1,2,1
392,4L9Hlc5zbFmLefDJkEcS7L,manu10fr,4,1,1
393,5Wcz0MyZQa7tgPu62WMqzl,mariopirey,3,4,1
394,2HFNXJ2WzNpz3lVhldgf7j,mariopirey,2,4,1
395,3B54sVLJ402zGa6Xm4YGNe,11125830071,3,2,2
396,3u92BnF2CoMPdSGZ1vhr3P,mariopirey,5,5,1
397,0pQskrTITgmCMyr85tb9qq,11125830071,4,5,2
398,3KCaALDzb0Rwmqq7UZzfbe,11125830071,1,2,1
399,76cy1WJvNGJTj78UqeA5zr,mariopirey,3,1,1
400,64QyipABOzDwoUFqaEnCvU,dleon692,5,4,2
401,1wDYehTDqk8QbseTue9AJO,mariopirey,3,3,1
402,6T8cJz5lAqGer9GUHGyelE,mariopirey,3,3,1
403,0qPaMGFkzx0V2Vdyz15J7c,mariopirey,4,1,1
404,7K2vo9oSUzFgmtIXNYegzP,11125830071,5,2,3
405,2bYdFvFow6fNIJL3XpvDbo,mariopirey,5,5,1
406,5FVd6KXrgO9B3JPmC8OPst,11125830071,5,2,1
407,46iI0binWzpkEJgIWTYUBR,11125830071,5,5,1
408,0X0Lz7LwpiIWcdGqVWaxXD,11125830071,5,5,2
409,3StCElHKaN6ASLf7Pymdum,11125830071,4,4,1
410,5ClKabzSX0QXnURNomxohE,mariopirey,5,4,1
411,2BOcua9pjhKuVtgN40AAHX,dleon692,4,2,1
412,7J0niAY0FLzGiCVJUREl88,mariopirey,4,5,1
413,3ixTiPABjqkBKPocxq6oIe,11125830071,5,4,3
414,5ft1GmMZA4uNX7afvQfDLn,mariopirey,5,4,1
415,6sKKGGCuMDKiP9HProsMah,mariopirey,5,3,1
416,6i0V12jOa3mr6uu4WYhUBr,alfns8,3,4,1
417,5tusuce6vJETlevXyuUQVn,11125830071,2,2,1
418,0ULPav7qqKTHn7vgi9v42k,luispisito,4,4,1
419,6MNGxu8MprKGkchUchkJsy,11125830071,4,5,3
420,478FOsQhVdnkrk0iRZ0I3k,mariopirey,2,3,1
421,75ARkUKb54dQ86YezuoNhn,alfns8,4,5,1
422,2AT8iROs4FQueDv2c8q2KE,alfns8,4,2,1
423,5z1mU39s2vWyf8ub40NElZ,manu10fr,4,5,1
424,086myS9r57YsLbJpU0TgK9,11125830071,4,3,2
425,0G5RaIDHAXQRVNmpoiEChY,mariopirey,4,5,1
426,2Yon3iSYEd2GCRizWvWXPJ,mariopirey,5,1,1
427,3HEn14GqygLCNfroOnYiZb,luispisito,2,1,1
428,7cHhDl9hriaXYoeIIzcuO1,dleon692,4,5,1
429,6yBHR0esuWE4zr0A02qeKY,mariopirey,1,2,1
430,1OAh8uOEOvTDqkKFsKksCi,11160226728,4,3,1
431,7ctRAoCbcpOusbm3w3E6mn,11125830071,5,4,1
432,2takcwOaAZWiXQijPHIx7B,alfns8,5,4,1
433,0smOIUvZaTvjGhKQqY0Cln,luispisito,1,3,1
434,6xVq4SrxJHWLLKq91ZeCqm,mariopirey,2,3,1
435,2DpNNozgOkXbSzDA3AXKlF,luispisito,1,1,1
436,0u2LbmKA70atp4J59QUnHW,dleon692,4,4,1
437,6vYGqxYCAcj4gfyrGcqN3i,dleon692,5,4,1
438,31M5m42C3EGlbydf9XB5to,luispisito,2,1,1
439,13poYVMJ3wrrnTXvgbbYKP,11125830071,5,2,2
440,0uobjgspMuHwrDksydHzjD,mariopirey,4,4,1
441,0pyT9W877RcYtVdl1ZmlvQ,mariopirey,4,3,1
442,6wfviQ3Zm8y2QHldK4l3p4,mariopirey,1,3,1
443,3dUOAB9dYZv0n3sYwod2Tf,11125830071,1,2,1
444,353IXuX7vXuA13pVemNp25,11125830071,3,4,2
445,3Ga6eKrUFf12ouh9Yw3v2D,luispisito,1,1,1
446,7e7KneZN3eFpHyfo9DOJyf,11125830071,4,1,1
447,0Gw9QC3RqHmTdGqHIWLHb6,1199620305,4,3,5
448,0H042a4KyYioRQEi2IauAL,mariopirey,3,3,1
449,5D2lWTfvV7UKKnjMeDA9Sb,mariopirey,3,2,1
450,7sExAJX7QWFcuJNxs0nwK5,11125830071,2,4,2
451,2AMDKSt4HJWZbuLupJuNrj,dleon692,4,4,2
452,3UsSdN1ULTDdaTxiDo6d2M,mariopirey,1,4,1
453,59SXq6bLNqaLIRx6gi53Rm,11125830071,4,1,1
454,6f2sakq0z0uraeoXisNsMZ,11125830071,4,5,3
455,6sXZpWYwFJ8JaN3q6kLkCV,dleon692,5,5,2
456,4QtiVmuA88tPQiCOHZuQ5b,11160226728,4,5,2
457,4DmBVImaIhE3RyNvbtZTTz,luispisito,4,5,1
458,4ztPah3U03EQ6SZUrSV27g,mariopirey,2,1,1
459,75D3n6wnFQmu1HVmLAlWM4,alfns8,4,5,1
460,5X0bLSho0KTiSQYCI0IOcl,luispisito,4,4,1
461,7rlCeTnjn0plPZkVAcctPZ,11125830071,4,3,1
462,35X12NWsxjviHqKeEa1NI7,mariopirey,4,4,1
463,235zC7p0cWiDcSf0P4DFAL,alfns8,3,1,1
464,08bNPGLD8AhKpnnERrAc6G,11160226728,3,4,2
465,3EvbHTYsa4X3Ybhv0L9BES,11125830071,1,2,1
466,0vrFLChFToJmEWO8baf9VE,mariopirey,5,4,2
467,6ygcsyNINY8tSvzKzHiKkJ,dleon692,2,4,1
468,5GbVzc6Ex5LYlLJqzRQhuy,mariopirey,5,1,1
469,71lebjkaaiB7UgOlGeqt7M,mariopirey,5,4,1
470,6XJkFdxn0DLA17lTv54pKS,11125830071,4,5,2
471,3yrSvpt2l1xhsV9Em88Pul,mariopirey,3,3,1
472,40lauWDcbFQgigWgrVyoqM,mariopirey,5,5,1
473,39BYRAiJhO6fWPJTDYhMxm,11125830071,4,3,1
474,2YhapA5E1qTZ1Ykw9Y86ql,11125830071,4,1,1
475,2vvdTrdryjsl8DmPIMDWZU,11125830071,4,4,2
476,4YEjgMoc13mnsP0n6sLi8T,mariopirey,5,5,1
477,1SEzEo04ivkvN8x6rppuwD,11160226728,3,4,1
478,1fr92Vupmcs2vgLMFVQ7rd,alfns8,3,3,1
479,6cTzdFQDV7B3Au4TJHSiRo,11125830071,5,5,2
480,1QYEJgY4vve2VY1RUEsvpI,mariopirey,1,3,1
481,39N9RPD9MRb5WmoLzNzPeA,11160226728,5,3,2
482,1gihuPhrLraKYrJMAEONyc,11125830071,3,4,1
483,10aExDAh669IrhQcSbvKno,11125830071,4,4,1
484,4PJfNW8SMAtHMZIWRUOQev,mariopirey,5,4,1
485,5StvAhgmgCOpCPHHNfS8bx,11125830071,3,4,2
486,03DQgr2yeWmNaV8fJ8VVhq,11125830071,3,5,1
487,4y6c5vMzKKM3KsMbHtjKx5,mariopirey,4,1,1
488,4L2W7IbWtKRfJcIcyzSqs5,mariopirey,4,1,1
489,0q75NwOoFiARAVp4EXU4Bs,mariopirey,5,5,1
490,5SIoLK4aqXc2UzNrhVHwtp,dleon692,2,2,1
491,2P2WxNOdEjjJ98dIeajyqu,11125830071,5,5,1
492,1UIAAxdrFbMaf1OXWJ4pEq,mariopirey,5,4,2
493,7orU1FfShkJboMQF1g1cOf,11125830071,4,5,3
494,4R7NLVLt1qyYsqqieGkf7B,11125830071,4,3,2
495,5ELikezJD5eoA6WVuL45hk,manu10fr,3,1,1
496,5oEudil97USk209BKcubri,mariopirey,4,5,1
497,3EmmCZoqpWOTY1g2GBwJoR,11125830071,2,4,2
498,172u95XX2JxIfBZi1v0vKN,alfns8,5,4,1
499,3YAsRYkaS9jUoMpTmjs0oh,luispisito,4,5,1
500,2M8g01v2vUMn39YQ10l7ef,11125830071,5,4,2
501,24UStI5AYA7g5ufFDh3LH0,11125830071,5,4,1
502,1xaTREM89RbIxkcjlpf4Uw,11125830071,4,2,2
503,5AkGpGUr4YuKPUzis6VsgE,luispisito,4,4,1
504,0sd8UYxahyoYEDLogaQGzl,mariopirey,4,4,1
505,0RdUX4WE0fO30VnlUbDVL6,luispisito,5,3,1
506,3PbsDnKdrZY0ttX7VE9s5R,alfns8,5,5,1
507,4bavcis6bApsKI8YkKg3Cx,11125830071,4,4,3
508,4bZEZhCq2kqUxnMacXVl5x,11125830071,5,4,2
509,3EPd9riN2R8Zjl6GkrxxGl,11125830071,4,5,1
510,6oxQ2tiIXtydhEOIFJiYqC,mariopirey,5,5,1
511,20I8RduZC2PWMWTDCZuuAN,11125830071,5,5,2
512,5SMdW9cbM4wTMMPI8Ck08a,11125830071,5,2,1
513,4DEAiNBvq5yBy7NzpVc02h,manu10fr,4,1,1
514,4fPBB44eDH71YohayI4eKV,11125830071,2,4,3
515,5mphdlILgAq3vh1MSvAJTS,nerea.couceiro,5,2,1
516,3bXTuheN5q66OOGMm5O3Sy,11125830071,4,4,1
517,7gYVgwj2gZEeQq9LMJxDsF,nerea.couceiro,3,2,2
518,0uobjgspMuHwrDksydHzjD,11125830071,5,5,2
519,1lmGMDIV4I32AlIbI4LbCS,nerea.couceiro,4,2,1
520,0BOLTAH4vGZ99e3TaEQ0Wm,mariopirey,3,4,1
521,4wjpmtUun5GTc7aQbhfncc,mariopirey,5,5,1
522,7H0PDJwUMTdwQEBb3gXMeI,11125830071,4,4,4
523,0KNVDEeZWXZPIYKqJeRRpX,11125830071,4,4,2
524,5Dkk5FxeipGN7HmY5i4Uq5,11125830071,5,5,1
525,0tUxv7rX2Wn241LCA38QEs,11125830071,5,4,1
526,1zsDbmrf4ZkjW5hsSsaDjO,mariopirey,5,5,1
527,7rwNjuGc6Xv4qv5RhPyKLZ,mariopirey,4,4,1
528,5BBAHUQ92DMDzg0ip3WfpP,11125830071,4,4,1
529,3gsCAGsWr6pUm1Vy7CPPob,manu10fr,4,1,1
530,0CpOanyNd3l3X1Nqkyd6TB,11125830071,4,5,1
531,6wfviQ3Zm8y2QHldK4l3p4,11125830071,4,3,2
532,1pjvlYOMIg1NhGQbM6iwrY,11125830071,1,4,1
533,4YEU9N2XAE0DfUwxWI5ijA,11160226728,5,5,1
534,1AzebkgGPRx8bTXuJv0dmw,11125830071,3,4,2
535,3gwdBvSZDtLqjCSvFYLbpK,1199620305,4,4,1
536,6HUeSTt2RaKYIiJrnjzaCd,11125830071,4,5,2
537,0egYeISQ8ihu7g8ciYPj15,11125830071,4,3,2
538,4dk40nfaQav6b4ZsJ9OYUo,mariopirey,5,5,2
539,2rFsxOOhEgmXoXPs7tTYM3,luispisito,3,3,1
540,2gKmJ6OgQRnOy36MY8qK3V,11125830071,4,5,1
541,73mlvsfJM2qwlDUJxeaatI,11125830071,5,4,1
542,5T9ir6tlqhhbKVzIC0ssbs,11125830071,4,5,2
543,3S8dSkmoZYnTxQ6PdSGECY,11125830071,5,4,1
544,7grpBK2VaYTB15QsYFCNhj,mariopirey,5,5,1
545,7hqI73OXybfZ6FV9O4WrNs,dleon692,4,3,1
546,1lqMLr9Wj7SM2F9AikGcxN,11125830071,5,4,2
547,5o2r7507gCOYdRMeR3noqZ,11125830071,3,3,3
